First Name,Gender,Start Date,Last Login Time,Salary,Bonus %,Senior Management,Team
Douglas,Male,8/6/1993,12:42 PM,97308.0,6945.0,True,Marketing
Thomas,Male,3/31/1996,6:53 AM,61933.0,4.17,True,
Maria,Female,4/23/1993,11:17 AM,130590.0,11858.0,False,Finance
Jerry,Male,3/4/2005,1:00 PM,138705.0,9.34,True,Finance
Larry,Male,1/24/1998,4:47 PM,101004.0,1389.0,True,Client Services
Dennis,Male,4/18/1987,1:35 AM,115163.0,10125.0,False,Legal
Ruby,Female,8/17/1987,4:20 PM,65476.0,10012.0,True,Product
,Female,7/20/2015,10:43 AM,45906.0,11598.0,,Finance
Angela,Female,11/22/2005,6:29 AM,95570.0,18523.0,True,Engineering
Frances,Female,8/8/2002,6:51 AM,139852.0,7524.0,True,Business Development
Louise,Female,8/12/1980,9:01 AM,63241.0,15132.0,True,
Julie,Female,10/26/1997,3:19 PM,102508.0,12637.0,True,Legal
Brandon,Male,12/1/1980,1:08 AM,112807.0,17492.0,True,Human Resources
Gary,Male,1/27/2008,11:40 PM,109831.0,5831.0,False,Sales
Kimberly,Female,1/14/1999,7:13 AM,41426.0,14543.0,True,Finance
Lillian,Female,6/5/2016,6:09 AM,59414.0,1256.0,False,Product
Jeremy,Male,9/21/2010,5:56 AM,90370.0,7369.0,False,Human Resources
Shawn,Male,12/7/1986,7:45 PM,90556.0,6414.0,False,Product
Diana,Female,10/23/1981,10:27 AM,132940.0,19082.0,False,Client Services
Donna,Female,7/22/2010,3:48 AM,81014.0,1894.0,False,Product
Lois,No Gender,4/22/1995,7:18 PM,64714.0,4934.0,True,Legal
Matthew,Male,9/5/1995,2:12 AM,100612.0,13645.0,False,Marketing
Joshua,No Gender,3/8/2012,1:58 AM,90816.0,18816.0,True,Client Services
John,Male,7/1/1992,10:08 PM,97950.0,13873.0,False,Client Services
,Male,10/8/2012,1:12 AM,37076.0,18576.0,,Client Services
Craig,Male,2/27/2000,7:45 AM,37598.0,7757.0,True,Marketing
Scott,No Gender,7/11/1991,6:58 PM,122367.0,5218.0,False,Legal
Terry,Male,11/27/1981,6:30 PM,124008.0,13464.0,True,Client Services
Benjamin,Male,1/26/2005,10:06 PM,79529.0,7008.0,True,Legal
Christina,Female,8/6/2002,1:19 PM,118780.0,9096.0,True,Engineering
Joyce,No Gender,2/20/2005,2:40 PM,88657.0,12752.0,False,Product
,Male,8/21/1998,2:27 PM,122340.0,6417.0,,
Jean,Female,12/18/1993,9:07 AM,119082.0,16.18,False,Business Development
Jerry,Male,1/10/2004,12:56 PM,95734.0,19096.0,False,Client Services
Theresa,Female,10/10/2006,1:12 AM,85182.0,16675.0,False,Sales
Rachel,Female,2/16/2009,8:47 PM,142032.0,12599.0,False,Business Development
Stephanie,Female,9/13/1986,1:52 AM,36844.0,5574.0,True,Business Development
,Male,1/29/2016,2:33 AM,122173.0,7797.0,,Client Services
Michael,Male,10/10/2008,11:25 AM,99283.0,2665.0,True,Distribution
Christine,No Gender,6/28/2015,1:08 AM,66582.0,11308.0,True,Business Development
Beverly,Female,9/9/1998,8:26 PM,121918.0,15835.0,False,Legal
Marilyn,Female,12/7/1980,3:16 AM,73524.0,5207.0,True,Marketing
Cynthia,Female,11/16/1988,6:54 PM,145146.0,7482.0,True,Product
Roger,Male,4/17/1980,11:32 AM,88010.0,13886.0,True,Sales
Bruce,Male,11/28/2009,10:47 PM,114796.0,6796.0,False,Finance
Kathy,Female,6/22/2005,4:51 AM,66820.0,9.0,True,Client Services
Clarence,Male,3/26/1996,5:57 AM,93581.0,6083.0,True,Business Development
Chris,No Gender,1/24/1980,12:13 PM,113590.0,3055.0,False,Sales
Nancy,Female,9/23/2000,8:05 AM,94976.0,13.83,True,Engineering
,No Gender,12/17/2011,8:29 AM,41126.0,14009.0,,Sales
Todd,Male,2/18/1990,2:41 AM,49339.0,1695.0,True,Human Resources
Alan,No Gender,3/3/2014,1:28 PM,40341.0,17578.0,True,Finance
Sara,Female,8/15/2007,9:23 AM,83677.0,8999.0,False,Engineering
Karen,Female,11/30/1999,7:46 AM,102488.0,17653.0,True,Product
Carl,Male,5/3/2006,5:55 PM,130276.0,16084.0,True,Finance
Henry,Male,6/26/1996,1:44 AM,64715.0,15107.0,True,Human Resources
Theresa,Female,4/11/2010,7:18 AM,72670.0,1481.0,True,Engineering
Irene,Female,5/7/1997,9:32 AM,66851.0,11279.0,False,Engineering
Paula,No Gender,11/23/2005,2:01 PM,48866.0,4271.0,False,Distribution
Denise,Female,11/6/2001,12:03 PM,106862.0,3699.0,False,Business Development
,Female,6/12/2007,5:25 PM,58112.0,19414.0,,Marketing
Matthew,Male,1/2/2013,10:33 PM,90556.0,18.04,False,Human Resources
Kathleen,No Gender,4/11/1990,6:46 PM,77834.0,18771.0,False,Business Development
Steve,Male,11/11/2009,11:44 PM,61310.0,12428.0,True,Distribution
Rachel,Female,8/16/1999,6:53 AM,51178.0,9735.0,True,Finance
Jose,Male,10/30/2004,1:39 PM,84834.0,14.33,True,Finance
Irene,No Gender,7/14/2015,4:31 PM,100863.0,4382.0,True,Finance
Todd,No Gender,6/10/2003,2:26 PM,84692.0,6617.0,False,Client Services
Johnny,Male,11/6/2009,4:23 PM,118172.0,16194.0,True,Sales
Bobby,Male,5/7/2007,10:01 AM,54043.0,3833.0,False,Product
Frances,Female,4/4/1999,4:19 PM,90582.0,4709.0,True,Sales
Thomas,Male,6/4/1995,2:24 PM,62096.0,17029.0,False,Marketing
Bonnie,Female,7/2/1991,1:27 AM,104897.0,5118.0,True,Human Resources
Margaret,Female,9/10/1988,12:42 PM,90556.0,7353.0,True,Distribution
Charles,Male,9/14/2004,8:13 PM,107391.0,1.26,True,Marketing
Robin,Female,6/4/1983,3:15 PM,114797.0,5965.0,True,Sales
Bonnie,Female,11/13/1988,3:30 PM,115814.0,4.99,False,Product
Gerald,No Gender,3/17/1995,12:50 AM,137126.0,15602.0,True,Sales
Christopher,Male,3/30/2008,10:52 AM,47369.0,14822.0,False,Legal
Steven,Male,3/30/1980,9:20 PM,35095.0,8379.0,True,Client Services
Shawn,Male,9/23/2005,2:55 AM,148115.0,6539.0,True,Finance
Doris,Female,8/20/2004,5:51 AM,83072.0,7511.0,False,Finance
Jeremy,Male,2/1/2008,8:50 AM,100238.0,3887.0,True,Client Services
Annie,No Gender,9/29/2007,12:11 AM,103495.0,17.29,True,Business Development
Annie,Female,1/30/1993,2:05 AM,144887.0,8276.0,True,Sales
Donna,Female,11/27/1991,1:59 PM,64088.0,6155.0,True,Legal
Janice,Female,3/12/2016,12:40 AM,51082.0,11955.0,False,Legal
Janice,No Gender,8/21/1997,5:12 AM,91719.0,11583.0,True,Legal
James,No Gender,1/26/2005,11:00 PM,128771.0,8309.0,False,
Linda,Female,5/25/2000,5:45 PM,119009.0,12506.0,True,Business Development
Virginia,No Gender,5/7/1994,5:58 PM,111858.0,1601.0,True,Legal
Harry,Male,8/26/1981,3:16 PM,130620.0,7.03,False,Legal
Heather,Female,7/11/1998,2:17 PM,43026.0,14166.0,False,Client Services
Cynthia,Female,3/21/1994,8:34 AM,142321.0,1737.0,False,Finance
Laura,No Gender,7/19/2014,9:23 PM,140371.0,10.62,True,Marketing
Tina,Female,6/16/2016,7:47 PM,100705.0,16961.0,True,Marketing
Harold,Male,1/2/1985,9:40 PM,77544.0,12447.0,False,Business Development
Melissa,Female,6/21/2005,6:33 AM,48109.0,14995.0,False,Finance
Aaron,Male,2/17/2012,10:20 AM,61602.0,11849.0,True,Marketing
Jack,Male,1/12/1997,5:51 AM,103902.0,12159.0,False,Client Services
Phyllis,Female,10/11/1996,9:30 PM,136984.0,8932.0,True,Finance
John,Male,12/23/1989,7:01 AM,80740.0,19305.0,False,Marketing
Kathy,Female,3/9/1996,4:33 AM,91712.0,8567.0,False,Finance
Paul,Male,8/4/1993,7:25 PM,42146.0,3046.0,False,Legal
Steven,Male,4/23/2013,10:12 PM,68680.0,16565.0,False,Legal
Russell,No Gender,5/5/1988,7:57 AM,133980.0,12396.0,True,Legal
Christopher,Male,4/22/2000,10:15 AM,37919.0,11449.0,False,
Shirley,Female,6/20/2001,10:39 PM,147113.0,16135.0,False,Legal
Bonnie,Female,12/17/1999,3:12 PM,42153.0,8454.0,True,Business Development
Willie,Male,11/27/2003,6:21 AM,64363.0,4023.0,False,Marketing
Tina,Female,6/12/2009,7:16 AM,114767.0,3711.0,True,Engineering
Ashley,Female,8/4/2002,11:00 AM,58698.0,6811.0,True,Business Development
Pamela,Female,7/1/1982,6:51 AM,54585.0,4166.0,False,Product
,Male,6/22/1991,8:58 PM,76189.0,18988.0,,Legal
Steven,Male,3/1/1995,3:03 PM,109095.0,9494.0,False,Finance
Andrea,Female,1/12/2012,5:43 AM,120204.0,9557.0,False,Business Development
Paul,Male,6/3/2008,3:05 PM,41054.0,12299.0,False,Marketing
Peter,Male,11/17/1994,6:15 PM,84885.0,15402.0,False,Business Development
Kathleen,No Gender,5/9/2016,8:55 AM,119735.0,18.74,False,Product
Christina,Female,4/13/2012,2:04 PM,110169.0,13892.0,True,Engineering
Helen,Female,11/29/2001,2:30 AM,73789.0,14841.0,True,Product
Marilyn,Female,11/16/1983,8:29 AM,76078.0,2401.0,True,Product
Patricia,Female,9/1/2003,6:46 AM,49368.0,14226.0,False,Human Resources
Michelle,Female,3/30/1984,6:43 PM,57325.0,17179.0,True,Human Resources
William,Male,9/29/2002,4:09 PM,66521.0,5.83,False,Human Resources
Kenneth,Male,8/25/1987,9:16 PM,127654.0,16439.0,True,Client Services
Antonio,Male,10/25/1988,1:50 PM,60866.0,13101.0,True,Business Development
Shirley,Female,5/1/1984,1:15 PM,41334.0,6219.0,True,Human Resources
Rebecca,Female,7/10/1992,12:23 AM,94231.0,17517.0,False,Product
Carlos,Male,1/4/1995,7:02 AM,146670.0,10763.0,False,Human Resources
Lois,Female,12/25/1987,4:16 PM,106317.0,2235.0,True,Client Services
Carolyn,Female,4/9/2011,5:38 AM,109260.0,2.65,True,Business Development
Gloria,Female,6/29/2007,5:34 AM,134148.0,8833.0,True,Legal
Henry,Male,4/24/1995,4:18 AM,43542.0,19687.0,False,Legal
Adam,Male,5/21/2011,1:45 AM,95327.0,15.12,False,Distribution
Ashley,Female,5/25/2006,11:30 AM,112238.0,6.03,True,Engineering
,Female,10/3/1990,1:08 AM,132373.0,10527.0,,
Shirley,Female,2/28/1981,1:23 PM,113850.0,1854.0,False,Marketing
Adam,Male,12/24/1990,8:57 PM,110194.0,14727.0,True,Product
Elizabeth,Female,10/9/2003,5:53 PM,146129.0,5687.0,False,Finance
Teresa,No Gender,1/28/2016,10:55 AM,140013.0,8689.0,True,Engineering
Nicole,No Gender,3/5/1982,2:28 PM,122717.0,12452.0,False,Sales
Jennifer,Female,4/4/2009,10:47 PM,71715.0,13079.0,True,Client Services
Patricia,Female,11/25/1992,2:24 AM,95322.0,4.15,False,Product
Philip,Male,7/17/2008,1:30 PM,89227.0,3996.0,False,Legal
Patrick,No Gender,7/14/1991,2:24 AM,124488.0,14837.0,True,Sales
,Female,8/17/2014,2:00 PM,86230.0,8578.0,,Distribution
Sean,Male,5/4/1996,8:59 PM,135490.0,19934.0,False,Marketing
Brandon,No Gender,11/3/1997,8:17 PM,121333.0,15295.0,False,Business Development
Ruth,Female,8/19/1999,4:03 AM,129297.0,8067.0,True,Client Services
Victor,No Gender,3/10/2011,8:40 PM,84546.0,10489.0,True,Finance
Rebecca,Female,11/15/1980,4:13 AM,85730.0,5359.0,True,Product
Marie,Female,3/16/2003,12:12 AM,104058.0,17695.0,True,Business Development
Howard,Male,4/27/1992,1:10 AM,105062.0,1563.0,False,Human Resources
,Female,7/27/2005,8:32 AM,79536.0,14443.0,,Product
Norma,Female,2/28/1999,8:45 PM,114412.0,8756.0,True,Marketing
James,No Gender,11/22/1983,10:52 PM,68501.0,14316.0,False,Marketing
Kathy,Female,3/18/2000,7:26 PM,149563.0,16991.0,True,Finance
Marilyn,No Gender,8/22/1999,9:09 AM,103386.0,11451.0,False,Distribution
Arthur,Male,4/13/1998,11:28 AM,89786.0,14422.0,True,Legal
Terry,Male,9/3/1990,9:15 PM,52226.0,19135.0,False,Client Services
Mary,Female,8/13/1999,1:03 AM,134645.0,18197.0,False,Business Development
,Female,3/23/2014,1:28 PM,59148.0,9061.0,,Legal
,Female,7/9/1991,6:52 PM,42341.0,7014.0,,Sales
Christopher,Male,12/24/2011,12:22 PM,142178.0,17984.0,True,Sales
Peter,No Gender,9/3/1987,5:59 PM,38989.0,7017.0,True,Marketing
Michelle,Female,11/4/1996,9:34 PM,53754.0,5455.0,True,Product
Irene,Female,1/29/1992,11:36 AM,133772.0,19.02,True,Sales
Patrick,Male,8/17/2007,3:16 AM,143499.0,17495.0,True,Engineering
Sara,Female,9/23/1991,6:17 PM,97058.0,9402.0,False,Finance
Lillian,Female,12/21/2008,6:51 PM,85446.0,3959.0,True,Engineering
,No Gender,9/18/2007,6:59 PM,40297.0,6185.0,,Client Services
Willie,Male,2/17/1998,8:20 PM,146651.0,1451.0,True,Engineering
Victor,Male,1/8/2003,1:02 PM,124486.0,10166.0,False,Product
Wayne,Male,4/7/2012,8:00 AM,102652.0,14085.0,True,Distribution
Jane,Female,9/3/1997,2:01 AM,144474.0,17648.0,False,Product
Jessica,Female,10/23/1995,5:53 AM,68759.0,19343.0,True,Finance
Mark,Male,4/12/2008,5:40 PM,57286.0,5025.0,True,Business Development
Randy,Male,11/14/1999,12:12 PM,58129.0,1952.0,True,Distribution
Lillian,Female,6/19/1999,4:44 PM,123940.0,12184.0,True,Business Development
Ruth,No Gender,5/18/1999,5:56 AM,98233.0,2518.0,True,Distribution
Jerry,Male,12/18/2003,6:46 AM,140810.0,9177.0,True,Client Services
Sandra,Female,1/19/1983,7:25 AM,42090.0,8842.0,True,Legal
,Female,2/23/2005,9:50 PM,149654.0,1825.0,,Sales
Roger,Male,11/19/2004,3:55 PM,51430.0,6.46,False,Marketing
Charles,Male,10/14/2000,9:40 PM,71749.0,15931.0,False,Legal
Clarence,Male,5/2/1998,3:16 AM,85700.0,1215.0,False,Sales
Carol,Female,3/19/1996,3:39 AM,57783.0,9129.0,False,Finance
Lois,Female,10/18/2013,4:51 PM,36946.0,6652.0,False,Engineering
Barbara,No Gender,5/3/2003,7:32 PM,99326.0,16475.0,True,Legal
Rebecca,Female,2/18/1995,6:50 AM,109259.0,4443.0,True,Legal
Irene,Female,1/30/2004,8:25 PM,131038.0,8996.0,False,Distribution
Ronald,Male,4/30/2014,2:19 PM,121068.0,12757.0,True,Product
Steven,Male,11/10/1985,10:53 AM,62719.0,19127.0,False,Client Services
Carolyn,Female,11/6/2012,3:51 AM,69268.0,3031.0,False,Client Services
Maria,Female,12/27/1990,9:57 PM,36067.0,9.64,True,Product
Jonathan,Male,7/17/2009,8:15 AM,130581.0,16736.0,True,
Gary,Male,8/12/1987,12:04 AM,89661.0,8525.0,False,Finance
Kimberly,Female,7/15/1997,5:57 AM,36643.0,7953.0,False,Marketing
Roger,Male,11/8/1982,2:32 AM,140558.0,5084.0,True,Sales
Diana,Female,1/4/2013,7:53 AM,103521.0,2784.0,True,Business Development
Willie,Male,6/6/2006,9:45 AM,55281.0,4935.0,True,Marketing
Brandon,Male,3/27/2006,5:54 PM,115711.0,8012.0,True,Finance
Patricia,Female,12/6/2012,4:01 AM,114079.0,8399.0,True,Client Services
Katherine,Female,11/14/1999,8:15 AM,57531.0,1767.0,False,Client Services
Jonathan,Male,10/12/1987,2:59 AM,141069.0,4903.0,False,Human Resources
Emily,Female,9/20/2007,11:25 AM,89434.0,11295.0,False,Engineering
Ruth,Female,8/12/1986,7:29 PM,44639.0,9148.0,True,Legal
Linda,Female,6/24/2006,12:04 PM,110967.0,19612.0,True,Human Resources
Lisa,Female,11/2/2009,9:42 AM,115387.0,1821.0,False,Client Services
Evelyn,Female,5/24/1980,11:10 PM,81673.0,15364.0,True,Engineering
Julie,Female,7/23/1989,1:52 PM,109588.0,3.55,False,Engineering
Mary,Female,5/30/2009,11:41 PM,92544.0,3.8,False,Client Services
Matthew,Male,7/31/2013,8:04 AM,142373.0,2462.0,False,Marketing
Douglas,Male,9/3/1999,4:00 PM,83341.0,1015.0,True,Client Services
Gregory,No Gender,6/15/1992,5:08 AM,98865.0,10628.0,True,Finance
Billy,Male,3/13/1995,12:05 PM,120444.0,7768.0,True,Finance
Gregory,Male,1/29/2000,6:01 AM,109564.0,3845.0,False,Legal
Jason,Male,10/17/1999,10:09 PM,78417.0,3067.0,False,Finance
Daniel,Male,4/30/2010,3:48 AM,106947.0,15866.0,True,Legal
Sarah,Female,9/14/1995,7:50 AM,87298.0,2311.0,False,Distribution
Harry,Male,10/1/2015,7:47 PM,64579.0,15266.0,True,Sales
Kathy,Female,4/19/1995,12:46 AM,50905.0,9404.0,True,Finance
Todd,Male,4/13/1999,10:31 AM,59728.0,11226.0,True,Client Services
Bobby,Male,9/23/1994,1:29 AM,51685.0,17445.0,True,Engineering
Jeremy,Male,6/8/2000,12:15 AM,49542.0,1679.0,True,Distribution
George,No Gender,2/24/1988,11:29 AM,38375.0,8999.0,False,Legal
Diane,Female,4/18/1993,3:22 AM,64084.0,17018.0,False,Product
Marilyn,Female,4/4/1997,9:28 PM,147663.0,10263.0,False,Human Resources
Kathryn,Female,2/4/2004,1:47 PM,73935.0,14752.0,False,Sales
Irene,Female,2/4/1982,5:26 PM,40837.0,12182.0,True,Client Services
Norma,Female,2/11/2015,11:44 PM,94393.0,3643.0,True,Engineering
Laura,Female,4/2/2006,1:57 PM,42087.0,2624.0,False,Product
Cheryl,Female,9/23/2008,2:57 AM,52080.0,9375.0,False,Legal
Kevin,Male,3/25/1982,7:31 AM,35061.0,5128.0,False,Legal
Lillian,No Gender,5/12/2016,3:43 PM,64164.0,17612.0,False,Human Resources
Phyllis,No Gender,4/21/1984,7:05 PM,94088.0,19107.0,False,Distribution
Walter,Male,7/6/1983,11:54 PM,127813.0,5961.0,False,Finance
Robert,Male,10/27/1990,7:15 PM,38041.0,18428.0,True,Engineering
Jimmy,Male,10/7/1986,5:53 PM,126310.0,5413.0,True,Product
Clarence,Male,10/8/1996,12:53 PM,142561.0,8866.0,False,Client Services
Victor,Male,4/11/1991,7:44 AM,70817.0,17138.0,False,Engineering
Fred,No Gender,12/2/1984,2:03 PM,59937.0,12045.0,True,Human Resources
Brenda,No Gender,7/27/2010,11:07 PM,106115.0,3742.0,True,Product
Justin,Male,12/6/1992,5:58 PM,82782.0,4366.0,True,Distribution
Betty,Female,6/12/2002,3:59 AM,104896.0,19.55,True,Business Development
Randy,No Gender,2/6/1986,3:04 PM,133943.0,8.94,True,Sales
Sharon,No Gender,3/1/1990,3:46 AM,83658.0,6513.0,False,Business Development
Ralph,Male,11/11/2004,1:35 AM,71896.0,4232.0,True,Marketing
,No Gender,4/28/2003,3:01 AM,113732.0,10391.0,,Sales
Edward,Male,5/27/1985,10:13 PM,110485.0,7995.0,False,Client Services
Denise,Female,3/20/2009,7:57 AM,115118.0,5108.0,False,Human Resources
Debra,Female,3/13/1998,11:16 PM,48696.0,4.75,False,Legal
,Male,11/25/1999,6:16 AM,42676.0,15517.0,,Sales
Michael,Male,1/24/2002,3:04 AM,43586.0,12659.0,False,
Henry,Male,2/6/1995,8:34 AM,89258.0,15585.0,True,Human Resources
Gloria,Female,3/27/2007,1:44 AM,90730.0,2491.0,False,Distribution
Marie,Female,8/6/1995,1:58 PM,100308.0,13677.0,False,Product
Anne,Female,7/16/1986,2:08 PM,69134.0,3723.0,True,Engineering
Sarah,No Gender,11/21/1985,1:08 PM,58295.0,14603.0,True,Engineering
Stephanie,Female,3/24/1983,11:15 AM,50141.0,13218.0,True,Human Resources
Roy,Male,9/23/2004,1:31 PM,101941.0,3.45,False,Client Services
,Female,8/5/2009,8:14 AM,115145.0,14063.0,,Distribution
Irene,Female,3/3/1982,8:26 AM,56526.0,5.81,True,Finance
,Female,8/2/1992,8:35 PM,145316.0,18517.0,,Human Resources
Thomas,Male,4/6/2011,1:04 PM,103235.0,9554.0,True,Human Resources
Frank,No Gender,11/20/2001,10:18 AM,58563.0,12062.0,True,Marketing
Fred,Male,2/20/1980,2:25 AM,74129.0,18225.0,False,Product
Nicholas,Male,4/12/1994,8:21 PM,74669.0,1113.0,True,Product
Howard,Male,10/5/1982,7:22 AM,97490.0,5.46,True,Marketing
Debra,Female,2/22/1994,10:25 PM,104250.0,18456.0,True,Business Development
Christine,Female,7/3/1989,4:01 AM,94345.0,11996.0,False,Finance
Brenda,No Gender,5/29/1991,6:32 AM,82439.0,19062.0,False,Sales
Betty,Female,6/28/2005,6:03 PM,51613.0,12984.0,False,Distribution
Ruby,Female,11/8/2000,7:35 PM,105946.0,1139.0,False,Business Development
Kevin,Male,7/12/1997,2:07 AM,46080.0,9635.0,False,Business Development
Arthur,Male,1/1/2014,7:46 PM,134610.0,6147.0,True,Human Resources
Carl,No Gender,2/7/2014,3:57 AM,125104.0,12345.0,False,Client Services
Todd,Male,3/11/2009,3:43 AM,107281.0,1612.0,True,Engineering
Brenda,Female,10/6/2005,9:33 PM,141521.0,4337.0,False,Client Services
Judy,Female,9/16/1997,12:10 AM,65931.0,2304.0,False,Human Resources
Todd,Male,2/2/1984,10:13 AM,69989.0,10985.0,True,Finance
Lois,Female,11/9/2011,7:06 AM,147183.0,9999.0,True,Client Services
Walter,No Gender,12/21/1999,10:33 PM,66757.0,18099.0,False,Distribution
Jessica,Female,9/27/1985,1:35 PM,75145.0,6388.0,True,Legal
Jeremy,Male,6/14/1988,6:20 PM,129460.0,13657.0,True,
Tammy,Female,11/11/1984,10:30 AM,132839.0,17463.0,True,Client Services
Anne,Female,3/7/2000,6:45 AM,44537.0,18284.0,True,Client Services
Jesse,Male,10/25/1999,3:35 PM,118733.0,9653.0,False,Marketing
Virginia,Female,10/20/1999,6:23 AM,46905.0,19154.0,False,Distribution
Jesse,Male,3/2/1981,7:26 PM,79582.0,3873.0,False,Legal
Jeremy,No Gender,11/10/1996,1:49 PM,55394.0,3.18,True,Sales
Daniel,Male,9/15/2007,10:16 PM,123811.0,7664.0,True,Human Resources
Patrick,No Gender,8/30/2004,11:43 AM,137314.0,4542.0,True,Marketing
Emily,Female,1/13/1988,6:42 AM,36711.0,19028.0,True,Human Resources
Alan,Male,6/26/1988,3:54 AM,111786.0,3592.0,True,Engineering
James,Male,7/11/2015,8:52 PM,72257.0,13023.0,False,Engineering
Adam,Male,7/5/2007,11:59 AM,71276.0,5027.0,True,Human Resources
Joan,No Gender,7/25/1980,12:22 PM,38712.0,3657.0,False,Client Services
Jeremy,Male,8/12/1981,12:05 AM,46930.0,18702.0,True,Finance
Margaret,Female,2/6/1993,1:05 PM,125220.0,3733.0,False,Marketing
Mark,Male,4/1/1984,1:21 PM,121477.0,17.44,True,Business Development
Marilyn,Female,9/26/1981,2:23 AM,86386.0,2937.0,False,Distribution
Cheryl,Female,9/8/2009,10:16 AM,81308.0,2196.0,True,Legal
Benjamin,Male,9/11/1984,6:37 AM,84810.0,15794.0,False,Marketing
Harold,Male,2/20/1990,11:00 PM,66775.0,2158.0,True,Legal
Ernest,No Gender,1/18/2002,1:51 AM,72145.0,13448.0,True,Finance
Gerald,Male,4/16/2001,10:09 PM,121604.0,1923.0,True,Sales
Judy,Female,7/1/1991,2:33 AM,109510.0,13457.0,True,Legal
Bobby,Male,3/31/1996,5:40 PM,112117.0,6338.0,False,
Bobby,No Gender,9/1/1995,2:09 PM,108127.0,15858.0,False,Client Services
Marie,Female,10/3/2013,8:05 PM,123711.0,10966.0,False,Product
Kathy,Female,12/18/2013,3:09 PM,132381.0,8.34,False,Business Development
Roy,Male,8/6/2006,7:52 AM,148225.0,1841.0,False,Finance
Jacqueline,Female,11/25/1981,3:01 PM,145988.0,18243.0,False,Marketing
,Female,7/8/2008,11:40 PM,62960.0,14356.0,,Sales
Julie,Female,3/23/1986,9:26 AM,56926.0,7507.0,False,Sales
Douglas,Male,1/8/2002,6:42 PM,41428.0,14372.0,False,Product
Linda,Female,12/16/1990,2:20 AM,115658.0,3041.0,True,Sales
Ruby,Female,12/10/1988,8:27 PM,76707.0,6031.0,False,Business Development
Russell,Male,1/2/2005,1:48 AM,60388.0,17885.0,False,Client Services
Jeffrey,Male,6/18/1997,8:01 PM,45150.0,12075.0,True,Product
Aaron,Male,1/29/1994,6:48 PM,58755.0,5097.0,True,Marketing
Samuel,Male,12/19/1991,2:54 AM,76076.0,5319.0,True,Finance
,Male,1/27/2010,2:57 AM,87760.0,14987.0,,Engineering
Randy,Male,3/16/2014,6:24 PM,135119.0,7887.0,False,Client Services
Evelyn,Female,9/3/1983,1:58 PM,36759.0,17269.0,True,Marketing
Fred,Male,2/13/1987,2:15 PM,121723.0,18645.0,True,Product
Shirley,Female,6/8/1986,2:25 AM,110061.0,7494.0,False,Client Services
Todd,Male,5/23/2011,4:14 PM,85074.0,1844.0,False,Client Services
Robert,Male,11/18/2014,5:00 AM,85799.0,19.93,False,Finance
Mark,Male,1/22/2007,2:37 PM,75150.0,12182.0,True,Legal
Earl,Male,1/5/2000,5:46 PM,91344.0,4035.0,True,Sales
Richard,Male,9/27/2005,1:41 AM,86326.0,10717.0,False,Product
Michael,Male,11/22/1991,12:57 PM,98753.0,16443.0,True,Human Resources
Steven,Male,5/12/2009,2:14 PM,113060.0,2846.0,True,Sales
Carlos,Male,9/19/2007,1:01 AM,77327.0,11.58,True,Finance
Marie,Female,10/20/2011,10:09 PM,62666.0,10247.0,False,Product
Ronald,Male,2/24/2009,2:09 PM,96633.0,4.99,True,Engineering
Scott,Male,5/12/2009,4:36 AM,58248.0,3914.0,False,Business Development
Steven,Male,11/21/2006,8:30 AM,83706.0,6.96,True,Human Resources
James,Male,11/22/1998,3:48 AM,74086.0,5778.0,True,Human Resources
Lori,Female,3/31/1988,10:59 PM,95389.0,14223.0,False,Sales
Philip,Male,8/2/1989,11:21 AM,129968.0,19897.0,False,Finance
Phyllis,Female,11/24/2005,11:57 PM,140347.0,8723.0,False,Sales
Thomas,No Gender,8/31/1995,8:31 PM,41549.0,3.95,False,Sales
Cynthia,Female,12/3/2012,11:03 PM,74287.0,10751.0,False,Sales
,Male,10/9/2011,9:29 AM,69906.0,4844.0,,Engineering
,Male,4/22/1997,9:36 PM,65078.0,3095.0,,Marketing
Elizabeth,Female,11/10/2005,4:56 AM,106406.0,1782.0,True,Legal
Andrea,Female,9/14/2003,10:30 PM,115913.0,12121.0,False,Legal
Judy,Female,2/1/1990,3:32 PM,38092.0,5668.0,False,Distribution
Russell,Male,8/13/2014,3:51 PM,121160.0,7843.0,False,Engineering
Scott,Male,12/17/2011,3:45 AM,90429.0,4.45,False,Product
Sarah,Female,5/22/1994,7:06 AM,64207.0,7824.0,True,Client Services
Susan,Female,9/25/2004,1:30 AM,80688.0,18892.0,True,Sales
Margaret,Female,5/5/2014,6:01 AM,55044.0,4078.0,False,Sales
Joshua,Male,11/9/2009,6:32 AM,72893.0,9555.0,False,Distribution
Justin,No Gender,4/15/2005,8:43 PM,96978.0,13865.0,False,Finance
Juan,Male,4/16/2002,11:09 PM,97364.0,3595.0,False,Product
Gloria,No Gender,7/19/1983,1:57 AM,140885.0,1113.0,False,Human Resources
Jennifer,No Gender,1/24/1989,8:38 PM,58520.0,16231.0,True,Client Services
Edward,Male,8/4/1989,6:06 AM,66067.0,10957.0,True,
Marilyn,Female,12/17/1982,12:10 PM,147183.0,8748.0,False,Business Development
Mary,Female,10/18/2009,6:32 PM,87721.0,12484.0,False,Product
Linda,Female,7/15/2009,10:12 PM,144001.0,2194.0,False,Business Development
Larry,Male,8/27/2003,1:00 PM,91133.0,5.14,False,Sales
Albert,Male,2/1/1997,4:20 PM,67827.0,19717.0,True,Engineering
Kenneth,Male,4/13/1999,10:28 PM,81839.0,12072.0,False,Sales
,Female,12/31/2006,11:02 PM,81444.0,3171.0,,Distribution
Gregory,No Gender,7/9/2011,11:31 PM,137661.0,4805.0,True,Sales
Brandon,Male,10/16/2015,2:44 AM,112548.0,4664.0,False,Engineering
Stephen,Male,4/9/1987,12:47 PM,111249.0,10574.0,True,Human Resources
Russell,Male,10/30/1994,5:46 AM,114334.0,9669.0,False,Product
,Female,9/18/2002,12:39 PM,118906.0,4537.0,,Marketing
Pamela,No Gender,7/15/2001,1:33 PM,72979.0,5.66,False,Sales
Scott,Male,8/3/1996,1:50 AM,64172.0,10894.0,True,Engineering
,Female,4/18/1996,3:57 PM,107024.0,12182.0,,
Carlos,Male,7/28/2010,3:08 PM,50167.0,2362.0,False,Product
Jack,Male,12/24/1980,10:58 PM,106995.0,15723.0,False,Product
Debra,Female,1/19/2010,8:48 AM,70492.0,8895.0,False,Client Services
Phyllis,Female,1/15/1995,5:27 AM,125881.0,16697.0,False,Sales
Robert,Male,10/29/1994,4:26 AM,123294.0,19894.0,False,Client Services
Gloria,Female,9/19/1989,7:40 PM,131045.0,11312.0,True,Product
Sharon,No Gender,10/28/1984,5:59 PM,97635.0,10413.0,True,Client Services
Barbara,No Gender,4/26/2001,12:22 AM,94493.0,13443.0,True,Sales
Marilyn,Female,8/15/1989,9:14 AM,140502.0,9989.0,True,Sales
Ralph,Male,10/27/2010,10:28 AM,106310.0,4.03,True,Client Services
Harry,No Gender,12/5/1996,5:45 AM,46240.0,6976.0,True,Engineering
Robin,Female,1/8/1998,2:12 AM,111163.0,5025.0,True,Product
Kathy,Female,11/25/2001,9:55 PM,93753.0,7094.0,True,Sales
Rose,Female,7/6/2002,3:57 PM,63494.0,19385.0,True,Human Resources
Clarence,Male,1/13/2005,9:00 AM,116693.0,13835.0,True,Distribution
Doris,Female,7/29/1992,6:40 PM,85215.0,7425.0,True,Human Resources
Kathryn,Female,6/9/1988,9:29 AM,86439.0,7799.0,False,Finance
Billy,No Gender,3/16/2004,8:21 AM,62913.0,18241.0,True,Marketing
Norma,Female,4/16/1996,5:40 AM,38872.0,9302.0,True,Business Development
Richard,No Gender,11/28/1992,5:05 PM,124655.0,14272.0,True,Engineering
Craig,Male,2/8/1984,4:45 AM,113506.0,19642.0,False,Marketing
Sarah,No Gender,7/20/1990,10:49 PM,109980.0,8.86,False,Sales
Sharon,Female,3/9/2014,4:39 PM,91522.0,7564.0,False,Finance
Mary,Female,8/22/2010,8:03 AM,42214.0,17538.0,True,Business Development
Steve,No Gender,2/23/2002,3:55 AM,83159.0,9.55,True,Distribution
Joe,Male,12/5/2010,4:20 PM,144082.0,1.62,True,Client Services
Jeremy,Male,5/29/1994,6:24 AM,47885.0,19276.0,True,Human Resources
Ernest,Male,8/14/2012,11:25 AM,126232.0,6191.0,True,Sales
Kevin,Male,6/23/1981,8:26 PM,134598.0,11699.0,False,Business Development
Jacqueline,Female,2/11/2007,2:01 AM,66604.0,14609.0,False,Legal
Johnny,Male,9/14/1992,8:21 AM,115194.0,5861.0,True,Marketing
Gary,Male,8/18/2011,8:12 AM,49101.0,11.9,True,Business Development
Shirley,No Gender,11/16/1990,6:01 PM,67811.0,12699.0,False,Finance
,Male,6/29/2008,5:23 AM,111043.0,5966.0,,Distribution
Sarah,No Gender,8/31/1981,2:51 PM,37748.0,9047.0,False,Human Resources
Julia,Female,3/2/1982,12:52 PM,36403.0,2664.0,True,Finance
Dorothy,Female,11/5/2013,10:50 PM,140136.0,3.12,True,Business Development
Justin,Male,5/22/1986,6:30 AM,121508.0,19334.0,True,Finance
Kevin,Male,11/20/1986,6:59 PM,79906.0,18021.0,True,Sales
Victor,Male,9/24/2005,12:04 PM,123144.0,16261.0,True,Product
Deborah,Female,11/25/1980,4:33 AM,46953.0,17436.0,False,Client Services
Matthew,No Gender,6/9/2003,7:35 AM,79443.0,14637.0,False,Human Resources
Alice,Female,5/2/1986,1:50 AM,51395.0,2378.0,True,Finance
Todd,Male,3/16/2016,2:45 PM,134408.0,3.56,True,Human Resources
Frank,Male,1/10/1981,1:30 PM,71853.0,8037.0,True,Sales
Christopher,Male,5/13/1999,10:48 AM,68028.0,7869.0,True,Finance
Rose,Female,5/28/2015,8:40 AM,149903.0,5.63,False,Human Resources
Andrea,Female,10/1/2010,11:54 AM,79123.0,19422.0,False,Distribution
Charles,Male,12/16/1999,8:28 PM,104014.0,7077.0,False,Legal
Jessica,No Gender,3/7/2015,8:45 PM,121160.0,12993.0,False,Client Services
Wanda,Female,7/20/2008,1:44 PM,65362.0,7132.0,True,Legal
Joyce,Female,2/7/1995,7:38 AM,50701.0,14227.0,True,
Billy,Male,12/1/2006,3:32 PM,144709.0,10069.0,True,Distribution
Kathryn,Female,8/29/2007,6:10 AM,53061.0,11864.0,True,Finance
Denise,Female,3/18/2001,12:02 AM,36697.0,11196.0,True,Sales
Jason,Male,11/20/1998,2:54 PM,69244.0,6.22,True,
Nicholas,Male,3/1/2013,9:26 PM,101036.0,2826.0,True,Human Resources
Aaron,Male,7/22/1990,2:53 PM,52119.0,11343.0,True,Client Services
Louise,Female,5/13/2003,9:47 AM,46666.0,1886.0,True,Business Development
Julie,Female,4/23/1998,5:52 AM,73437.0,2518.0,True,Finance
Kathy,Female,5/8/1987,6:19 PM,86318.0,18492.0,True,Sales
,Male,5/24/2016,9:17 PM,76409.0,7008.0,,Distribution
Chris,Male,12/12/2006,1:57 AM,71642.0,1496.0,False,
Cheryl,Female,8/16/1994,8:33 AM,67150.0,15.85,True,Marketing
Gregory,Male,5/15/2009,3:52 PM,142208.0,11204.0,True,Engineering
Wayne,Male,1/30/1992,3:01 PM,81183.0,17066.0,False,Client Services
Beverly,Female,11/30/2005,2:57 AM,107163.0,3665.0,True,Human Resources
Willie,Male,8/22/2009,1:03 PM,55038.0,19691.0,False,Legal
Terry,No Gender,7/15/2016,12:29 AM,140002.0,19.49,True,Marketing
Scott,Male,11/17/2012,2:47 PM,146812.0,1965.0,True,Marketing
Annie,Female,12/19/1994,6:19 AM,40119.0,4338.0,True,Human Resources
,Male,2/21/1995,12:26 AM,136602.0,10429.0,,Marketing
Ruth,Female,10/24/2000,4:13 AM,69579.0,18029.0,True,Human Resources
Deborah,No Gender,2/3/1983,11:38 PM,101457.0,6662.0,False,Engineering
Patricia,Female,1/9/2015,4:16 AM,121232.0,16624.0,False,Legal
Albert,Male,9/30/2007,5:34 PM,102626.0,15843.0,False,Finance
Charles,No Gender,3/1/1987,1:00 PM,137171.0,5574.0,True,Marketing
Tina,Female,1/17/2005,9:11 AM,88276.0,14248.0,False,Legal
Jeremy,Male,8/9/2001,3:56 AM,43354.0,13946.0,False,Marketing
Craig,Male,4/14/1996,9:17 AM,125556.0,7996.0,False,Engineering
Jose,Male,7/11/2002,9:15 AM,59862.0,3269.0,False,Product
Lawrence,Male,5/13/2005,1:25 AM,74640.0,18641.0,False,Marketing
Helen,Female,10/31/1997,2:43 AM,52875.0,4188.0,False,Legal
Walter,Male,8/4/2007,1:59 PM,58789.0,5461.0,False,Sales
Amy,Female,6/19/2002,3:06 AM,122897.0,8222.0,True,Engineering
Janice,Female,6/28/1997,1:48 PM,136032.0,10696.0,True,Marketing
Stephen,Male,5/9/2015,7:07 PM,141958.0,9078.0,True,Legal
Ryan,Male,7/20/1993,10:18 PM,139917.0,11466.0,False,Distribution
Sharon,Female,3/12/2002,6:32 AM,147635.0,14693.0,False,Human Resources
Joshua,Male,7/10/1984,7:22 PM,68230.0,8047.0,False,Client Services
Clarence,Male,8/20/1992,8:23 PM,124365.0,8457.0,False,Business Development
Jonathan,Male,8/15/2002,12:01 AM,104749.0,11364.0,False,Engineering
Stephanie,Female,11/26/1992,12:54 AM,122121.0,7937.0,True,Engineering
Kathy,Female,10/25/1996,12:59 PM,143541.0,8461.0,False,Human Resources
Albert,Male,8/14/2008,5:43 PM,137840.0,9705.0,False,Business Development
Michael,Male,5/22/2011,10:42 AM,73354.0,18357.0,False,Business Development
Richard,Male,7/4/1997,11:47 AM,47647.0,18787.0,True,
Amy,Female,3/30/2008,10:54 PM,106249.0,15967.0,False,Sales
,Female,4/27/2013,6:40 AM,93847.0,1085.0,,Business Development
Beverly,No Gender,5/3/1995,5:49 AM,104815.0,3.38,False,Product
,Female,4/26/1992,8:01 PM,115436.0,3099.0,,Human Resources
Joe,Male,4/14/2000,3:14 PM,50645.0,11119.0,False,Marketing
Ashley,Female,8/15/1997,9:48 PM,142415.0,1985.0,True,Finance
Howard,Male,4/9/2012,6:36 AM,37984.0,2021.0,False,Distribution
Cheryl,Female,12/3/2014,9:27 AM,71751.0,15918.0,False,Business Development
Robert,Male,3/11/2007,11:20 AM,135882.0,19944.0,False,Legal
Sharon,Female,7/1/2011,9:50 AM,46007.0,19731.0,True,Client Services
Judith,Female,11/23/2007,1:22 PM,117055.0,7461.0,False,Marketing
Nicholas,No Gender,9/9/1989,7:12 PM,58478.0,6525.0,True,Distribution
Jerry,Male,1/30/1995,7:51 PM,121357.0,18845.0,False,Business Development
Craig,Male,11/1/2005,11:31 PM,44857.0,13266.0,False,Finance
Barbara,Female,3/21/2002,8:02 AM,47322.0,7.25,True,Sales
Eugene,Male,5/24/1984,10:54 AM,81077.0,2117.0,False,Sales
Johnny,Male,2/26/2016,7:39 PM,76394.0,5437.0,True,Marketing
Benjamin,Male,5/5/2013,3:28 PM,114356.0,7123.0,False,Client Services
Diana,Female,6/13/1994,4:21 PM,41831.0,4548.0,False,Business Development
Barbara,No Gender,12/10/1980,11:04 PM,90187.0,14764.0,True,Distribution
Christine,Female,2/1/2003,1:11 PM,72613.0,11126.0,False,Legal
Sean,Male,2/11/2013,7:07 PM,42748.0,9765.0,False,Distribution
Sarah,Female,11/3/1980,2:47 PM,37259.0,1763.0,False,Client Services
Roger,Male,8/3/2015,4:56 PM,125033.0,4887.0,True,Marketing
,Female,6/24/2014,10:05 AM,38275.0,10494.0,,Distribution
,Male,4/20/1980,1:17 PM,71520.0,13248.0,,Engineering
Donald,Male,7/14/1995,7:51 AM,106472.0,6499.0,True,Client Services
Clarence,Male,11/3/2015,12:11 AM,103684.0,18654.0,True,Engineering
Scott,Male,11/23/1996,7:36 PM,96111.0,15592.0,False,Human Resources
Ann,Female,11/4/1984,12:17 PM,90719.0,6.22,False,Business Development
Frank,Male,4/27/2003,12:04 PM,140303.0,17.07,False,Legal
Joe,Male,7/4/1983,7:32 AM,62161.0,8.13,True,Business Development
Wanda,Female,4/6/1993,3:11 AM,78883.0,19695.0,False,
Jimmy,Male,11/19/2013,7:29 PM,63549.0,19624.0,False,
Amy,No Gender,12/25/1984,10:52 AM,63888.0,18115.0,True,Product
Larry,Male,1/8/1999,2:05 AM,97370.0,10458.0,False,Sales
Gloria,Female,4/12/1992,8:26 PM,66224.0,15979.0,True,Legal
Ruth,Female,12/12/1996,10:07 AM,97915.0,3997.0,True,Human Resources
Diana,Female,1/19/1995,12:37 AM,86883.0,18003.0,True,Product
Raymond,Male,2/16/2009,10:38 PM,37812.0,3178.0,False,Human Resources
Peter,Male,2/22/2003,9:09 AM,56580.0,8411.0,True,
,No Gender,9/25/1981,9:59 AM,83895.0,17971.0,,Engineering
Catherine,Female,8/31/2013,7:24 PM,58047.0,14858.0,True,Distribution
Diane,Female,7/5/1982,4:56 PM,124889.0,15026.0,True,Sales
Peter,No Gender,10/13/2014,9:33 PM,118840.0,14509.0,True,Client Services
Steve,Male,8/22/1995,6:58 AM,67780.0,9.54,True,Human Resources
Barbara,Female,3/22/2004,8:11 AM,144677.0,8696.0,False,Finance
Helen,No Gender,12/2/1993,1:42 PM,45724.0,1022.0,False,Product
Jimmy,No Gender,8/26/1983,2:48 AM,86676.0,7175.0,True,Product
Christopher,Male,4/23/2014,7:52 AM,82401.0,7252.0,False,Client Services
Kathleen,Female,6/13/2014,9:16 AM,35575.0,14595.0,False,Distribution
Virginia,Female,5/2/2010,9:10 PM,123649.0,10154.0,True,Marketing
Lisa,Female,2/26/2005,6:33 PM,38078.0,10.28,True,Product
Earl,Male,2/11/2014,9:03 PM,52620.0,13773.0,False,Product
Gerald,No Gender,1/8/1992,3:50 PM,133366.0,12292.0,False,Legal
Louise,Female,9/18/1981,5:47 AM,91462.0,8205.0,False,Marketing
Clarence,Male,8/26/1982,9:47 AM,146589.0,4905.0,True,Business Development
Cynthia,Female,9/14/1991,1:08 PM,51633.0,13472.0,True,Business Development
Adam,Male,10/8/2010,9:53 PM,45181.0,3491.0,False,Human Resources
Justin,Male,9/6/1999,10:30 AM,62454.0,3459.0,True,Sales
,Female,12/2/2009,3:30 AM,84746.0,4.82,,Finance
Ruby,Female,5/1/1999,3:36 AM,147362.0,7851.0,True,Engineering
Amanda,Female,8/1/2004,1:32 PM,80803.0,14077.0,True,Distribution
Anna,Female,4/15/2008,2:34 PM,117293.0,2366.0,False,Client Services
Roger,Male,7/3/2010,5:11 PM,105689.0,13.32,True,Marketing
Julie,No Gender,2/4/1999,5:35 PM,93302.0,9048.0,True,Product
Joseph,Male,9/10/1992,6:50 PM,102555.0,3672.0,True,Product
Evelyn,Female,9/22/1998,7:55 PM,51525.0,10366.0,False,Finance
Janice,Female,1/2/1984,9:06 PM,41190.0,3311.0,True,Sales
Sara,Female,2/25/1980,10:50 PM,75484.0,3186.0,False,Finance
Gregory,Male,6/18/1984,3:46 AM,82726.0,16304.0,True,Marketing
Philip,Male,7/18/1985,6:36 AM,122319.0,19122.0,False,Engineering
Barbara,Female,9/2/1991,3:41 PM,127297.0,11905.0,True,Product
Amanda,Female,6/7/2002,7:46 AM,109290.0,13853.0,False,Engineering
Phyllis,No Gender,10/25/1985,7:11 AM,99150.0,6007.0,False,Client Services
Anne,Female,10/26/1996,8:09 PM,71930.0,18451.0,True,Product
Arthur,Male,12/16/2014,4:56 PM,66819.0,6639.0,True,Marketing
Jane,Female,6/1/1994,8:39 AM,42424.0,18115.0,False,Distribution
Linda,Female,8/18/1985,4:34 AM,51431.0,13295.0,False,Engineering
Ashley,Female,11/17/1999,9:18 PM,120675.0,6.51,False,Human Resources
Shawn,Male,12/3/2009,10:24 AM,96610.0,2097.0,True,Client Services
Kathleen,Female,9/20/1996,3:45 PM,71430.0,8572.0,False,Engineering
Sara,No Gender,10/7/1983,1:35 PM,87713.0,18863.0,True,Legal
Randy,Male,5/2/2002,7:39 PM,86723.0,14842.0,False,Engineering
Andrew,Male,3/29/1985,6:57 PM,43414.0,7563.0,True,Client Services
Marilyn,Female,8/9/2006,11:24 AM,87145.0,17.33,False,Human Resources
Johnny,Male,1/8/1995,1:35 PM,91124.0,12986.0,True,Distribution
,Female,4/1/1980,8:04 PM,48141.0,12605.0,,
Susan,Female,4/18/1986,9:31 AM,90829.0,19142.0,False,Marketing
Ruby,Female,7/7/1980,3:42 AM,101262.0,6773.0,False,Client Services
Kelly,Female,8/16/1996,3:09 AM,41427.0,1431.0,False,Product
Jonathan,Male,4/6/1995,10:38 PM,56993.0,18623.0,False,Marketing
Raymond,Male,1/13/1996,4:14 PM,114244.0,16.69,False,Human Resources
Kimberly,Female,12/30/1981,4:51 AM,81800.0,5435.0,True,
,Female,1/13/2009,1:01 PM,118736.0,7421.0,,Client Services
John,Male,1/22/1995,12:17 AM,66077.0,5809.0,True,Product
Michael,Male,7/30/1993,5:35 PM,35013.0,14879.0,False,Product
Jerry,Male,5/4/2003,4:29 AM,98393.0,11393.0,False,Client Services
Amanda,Female,3/17/1982,11:46 PM,107111.0,1438.0,True,Product
Harold,Male,10/18/2010,8:45 PM,65673.0,1187.0,True,Legal
Harry,Male,1/27/1985,8:18 PM,65482.0,18089.0,False,
Ernest,Male,1/28/1990,12:08 AM,81919.0,15118.0,False,Marketing
Harry,Male,11/19/1982,11:25 AM,59277.0,10.2,False,Finance
Diane,Female,2/2/1988,6:14 PM,49501.0,13506.0,False,Business Development
Jack,Male,5/30/2012,3:17 AM,70367.0,18266.0,True,Legal
Shirley,Female,4/16/1988,11:09 AM,132156.0,2754.0,False,Marketing
Rose,Female,10/30/2004,4:34 PM,56961.0,7585.0,False,Marketing
Cheryl,Female,7/23/1982,6:28 AM,98841.0,8945.0,True,Client Services
Cynthia,Female,5/23/1980,3:19 AM,78226.0,2419.0,False,Human Resources
Sandra,Female,4/24/1995,7:14 PM,116931.0,9657.0,True,Human Resources
Andrea,Female,10/30/1994,11:23 AM,87575.0,13346.0,True,Business Development
Rachel,Female,4/22/1988,12:01 PM,110924.0,7808.0,False,Distribution
Justin,Male,5/24/1981,11:15 PM,78351.0,15221.0,False,Sales
Marie,Female,11/23/2000,5:06 AM,125574.0,4644.0,False,Sales
Louis,Male,4/15/2011,5:02 AM,95198.0,2075.0,False,Business Development
Nancy,Female,5/7/1985,10:20 PM,121006.0,3512.0,True,Finance
Mark,Male,10/3/1984,5:31 AM,95728.0,6752.0,True,Business Development
Teresa,Female,6/24/1987,7:37 PM,69740.0,8294.0,False,Distribution
Frances,Female,7/21/2001,2:34 AM,91996.0,11506.0,False,Product
,Female,10/11/1990,10:57 PM,98385.0,10925.0,,Human Resources
Barbara,No Gender,12/20/1994,10:09 AM,90556.0,15749.0,True,Distribution
Christine,No Gender,6/15/1980,6:00 PM,50366.0,9862.0,True,Marketing
Bobby,No Gender,7/21/2003,3:50 PM,84232.0,15704.0,True,Engineering
Carl,No Gender,10/26/1991,8:11 AM,100888.0,12.49,True,Business Development
Bruce,Male,3/15/2013,11:13 PM,141335.0,15427.0,True,Engineering
Rose,Female,5/20/1982,9:14 AM,97691.0,2142.0,False,Client Services
Mildred,Female,2/21/1981,3:30 AM,47266.0,10256.0,False,Client Services
,Male,10/13/1983,11:59 PM,139754.0,12.74,,Sales
,Female,10/24/1993,5:17 PM,116236.0,17274.0,,Engineering
Todd,Male,2/16/2010,11:29 AM,103405.0,15.91,False,Sales
Alan,Male,2/17/2012,12:26 AM,41453.0,10084.0,False,Product
Elizabeth,No Gender,2/16/1981,3:58 AM,52730.0,12525.0,False,Marketing
Julie,No Gender,10/21/2000,1:15 AM,60361.0,7099.0,True,Distribution
Teresa,No Gender,1/3/1992,3:47 PM,63103.0,11378.0,False,Finance
Eric,Male,11/12/2004,9:16 PM,65168.0,11513.0,False,Distribution
Edward,Male,8/30/2001,1:24 AM,73105.0,6083.0,True,Engineering
Kimberly,Female,12/6/1986,2:23 PM,37916.0,12929.0,True,Distribution
Kathy,Female,1/14/2001,5:11 AM,45682.0,1451.0,True,Marketing
Peter,Male,11/24/1992,5:43 PM,69297.0,1268.0,False,Finance
Beverly,Female,10/22/1990,2:45 PM,59070.0,19064.0,True,Engineering
Ralph,Male,3/7/2012,2:25 AM,81215.0,8.4,False,Finance
Justin,Male,8/10/1997,11:00 PM,128036.0,18824.0,False,Client Services
Irene,Female,6/23/2005,11:03 AM,89780.0,8999.0,True,Sales
Irene,Female,11/29/2006,2:14 PM,125018.0,9601.0,True,Legal
Jeremy,Male,11/26/1997,8:22 AM,133033.0,12.2,False,Sales
Cynthia,Female,6/29/2015,6:38 AM,82408.0,8701.0,True,Marketing
,Female,4/13/1997,8:03 AM,131755.0,2.93,,
Anne,Female,11/21/1984,12:30 PM,128305.0,16636.0,False,Marketing
,No Gender,9/2/1988,12:49 PM,147309.0,1702.0,,Distribution
Debra,Female,3/12/1983,12:19 PM,74911.0,19513.0,False,Marketing
Michael,Male,7/13/1988,1:48 PM,47079.0,2617.0,False,Legal
Jason,No Gender,3/6/2008,1:20 AM,82873.0,1869.0,False,Client Services
Rebecca,Female,2/23/1990,3:21 PM,134673.0,6878.0,False,Engineering
Andrea,Female,11/17/2011,2:37 PM,123591.0,6.5,True,Engineering
Carl,Male,3/30/1987,5:59 PM,75598.0,19289.0,False,
Randy,Male,9/27/2000,3:04 AM,89831.0,13047.0,True,
Marilyn,Female,7/2/1984,4:06 PM,92430.0,2924.0,False,Engineering
Wayne,Male,9/2/2009,1:37 AM,126956.0,18396.0,False,Human Resources
Frances,Female,11/12/1996,6:08 PM,112467.0,1433.0,False,Business Development
Amanda,No Gender,8/11/1991,2:15 PM,46665.0,19391.0,True,Client Services
Kathleen,Female,8/28/2004,10:49 AM,42553.0,3756.0,True,Distribution
Amanda,Female,1/25/1995,5:06 AM,102081.0,5203.0,False,Sales
Amanda,No Gender,3/16/2010,9:17 AM,135118.0,15108.0,False,Finance
Shawn,Male,9/29/1987,10:11 PM,71975.0,9.77,False,Human Resources
Katherine,Female,8/13/1996,12:21 AM,149908.0,18912.0,False,Finance
Anna,No Gender,3/13/1985,9:19 AM,45418.0,10162.0,False,Marketing
Elizabeth,Female,2/21/2010,7:02 AM,79145.0,19.78,False,Finance
Donald,Male,4/6/1988,10:00 AM,122920.0,5.32,False,
Gregory,Male,11/15/1999,5:22 PM,128031.0,15857.0,True,Business Development
Ruth,Female,2/17/2004,5:38 AM,59969.0,14064.0,True,Finance
Cynthia,Female,7/5/1986,1:24 AM,35381.0,11749.0,False,Finance
Deborah,Female,11/21/1985,1:40 PM,113129.0,17371.0,False,Client Services
Willie,Male,12/5/2009,5:39 AM,141932.0,1017.0,True,Engineering
Debra,Female,5/28/2006,6:51 AM,42296.0,16922.0,False,Product
Carl,Male,12/14/1984,8:49 PM,63395.0,11411.0,False,Legal
Walter,Male,9/24/2007,11:16 PM,125382.0,13613.0,True,Client Services
Lisa,Female,2/9/1982,6:44 PM,113592.0,17108.0,True,Marketing
Rebecca,Female,3/5/2000,10:33 AM,46750.0,11367.0,True,Sales
Jessica,Female,10/19/1986,9:58 PM,90285.0,13591.0,True,Client Services
Steve,No Gender,8/27/2009,3:41 PM,53692.0,4785.0,True,Marketing
Mary,No Gender,12/24/1986,7:02 PM,100341.0,6662.0,False,Distribution
Craig,Male,8/21/1995,2:38 AM,123876.0,4225.0,False,Engineering
Katherine,Female,12/19/2000,1:40 AM,41643.0,4659.0,True,Distribution
Andrea,Female,8/31/1989,11:10 PM,113760.0,12866.0,True,Distribution
Timothy,Male,10/6/2010,10:49 PM,49473.0,12463.0,False,Legal
Anthony,Male,2/13/2013,1:35 PM,146141.0,3645.0,True,Distribution
Harold,No Gender,2/4/2004,11:02 AM,79459.0,7776.0,True,Business Development
Douglas,No Gender,2/4/2009,2:03 AM,104496.0,14771.0,True,Marketing
James,Male,12/5/2001,7:06 AM,67789.0,17105.0,True,Legal
Joseph,No Gender,3/28/1982,1:05 PM,86564.0,11879.0,True,
Martha,Female,9/14/2001,3:22 AM,135758.0,14782.0,True,Client Services
Laura,Female,7/12/2000,6:07 PM,84672.0,3.96,False,Distribution
Robert,Male,11/5/1982,12:41 PM,111580.0,10982.0,False,Human Resources
Ralph,Male,3/24/1996,11:54 AM,50455.0,16248.0,False,Business Development
,Male,8/28/2012,7:56 PM,88733.0,1932.0,,Human Resources
Diane,Female,10/30/2009,6:56 PM,130577.0,12791.0,False,Marketing
Annie,Female,6/6/1992,10:04 AM,138925.0,9801.0,True,Marketing
Jacqueline,Female,9/20/1994,6:07 PM,62371.0,15.77,True,Client Services
Brenda,Female,4/17/1984,7:12 AM,87715.0,2675.0,False,Product
Lori,Female,9/11/2002,7:36 AM,66029.0,3345.0,True,Client Services
Albert,Male,6/17/1992,3:25 AM,86818.0,14301.0,True,Engineering
Frank,Male,11/23/2002,6:10 PM,75147.0,17398.0,False,Product
Deborah,Female,4/23/2000,6:55 PM,105573.0,5268.0,True,Product
Robin,No Gender,12/20/2005,2:42 PM,41230.0,6611.0,True,Distribution
Alice,Female,1/21/2016,5:07 PM,117787.0,10485.0,False,
,Male,10/20/1989,9:37 AM,88086.0,19387.0,,Finance
Paul,No Gender,2/18/2011,12:23 PM,91462.0,18704.0,False,Finance
,Male,12/27/1996,7:07 AM,139959.0,8992.0,,Distribution
Brian,Male,4/7/2007,10:47 PM,93901.0,17821.0,True,Legal
Julie,No Gender,5/8/1980,6:31 AM,50529.0,17263.0,False,Finance
Bruce,Male,1/28/2007,11:10 PM,134988.0,13926.0,True,Sales
Joan,Female,10/2/2007,2:53 AM,120941.0,3694.0,True,Finance
Harold,Male,5/15/2007,6:37 PM,118753.0,8162.0,False,Sales
Alice,Female,10/16/1995,9:19 PM,92799.0,2782.0,False,Sales
Barbara,Female,11/12/2011,12:35 AM,85718.0,13326.0,False,Client Services
Sarah,Female,4/6/1999,11:17 AM,109517.0,5146.0,False,Human Resources
Samuel,Male,5/25/2012,4:40 PM,85550.0,11593.0,True,Marketing
,Male,5/23/1990,2:09 AM,136655.0,9801.0,,Distribution
Barbara,No Gender,8/2/2002,5:13 AM,43312.0,8218.0,True,Legal
Amy,No Gender,5/19/1984,11:47 AM,102839.0,10385.0,True,Distribution
Frank,Male,3/2/2009,9:15 PM,78891.0,7927.0,True,Distribution
Robin,No Gender,9/16/2005,1:26 AM,93201.0,11712.0,True,Legal
Debra,Female,3/17/2011,1:12 PM,84693.0,6976.0,True,Finance
Brandon,No Gender,5/31/2004,3:36 PM,73587.0,9769.0,True,Human Resources
Thomas,Male,9/7/1991,9:51 AM,65251.0,11211.0,False,Distribution
Harry,Male,9/23/2015,1:36 AM,129148.0,15193.0,True,Engineering
Todd,Male,7/4/1993,6:53 PM,128175.0,18473.0,True,
Patricia,Female,3/7/1998,1:10 AM,75825.0,7839.0,False,Engineering
Steve,Male,1/11/2002,9:17 PM,51821.0,1197.0,True,Legal
,Male,4/7/1995,4:32 AM,60411.0,12048.0,,Human Resources
Edward,Male,11/27/1997,1:00 AM,58327.0,17095.0,True,Finance
Karen,Female,1/9/2014,10:09 PM,46478.0,16552.0,False,Engineering
Martin,No Gender,2/6/2001,4:17 AM,123963.0,15745.0,True,Engineering
Ann,Female,9/28/1994,5:44 AM,79796.0,9851.0,False,Distribution
Jonathan,Male,7/30/1984,6:02 PM,83809.0,12922.0,False,Distribution
Peter,Male,3/22/1982,7:28 AM,77933.0,13132.0,True,Engineering
Eric,Male,6/15/1993,3:56 AM,51070.0,13806.0,True,Business Development
Jason,No Gender,4/15/1988,8:16 PM,97480.0,11518.0,False,Human Resources
Terry,Male,10/21/2010,11:18 PM,58357.0,7969.0,False,Engineering
John,Male,1/29/1999,3:07 AM,67165.0,13001.0,False,Engineering
Marie,Female,4/8/1983,2:01 PM,145988.0,18685.0,True,Human Resources
Harold,Male,4/16/2010,5:13 AM,147417.0,11626.0,True,Business Development
Joshua,Male,6/27/1997,3:23 PM,95003.0,5197.0,True,Marketing
Brandon,No Gender,9/5/1992,2:32 AM,144187.0,11416.0,True,Legal
Andrea,Female,12/10/2001,6:40 AM,37888.0,13.47,False,Engineering
Jeremy,Male,5/19/1991,1:40 PM,131513.0,1876.0,True,Finance
Daniel,Male,2/29/2016,4:04 AM,77287.0,13.0,True,
Roy,Male,5/10/2004,1:22 PM,46875.0,12942.0,True,Sales
Dorothy,Female,10/8/2008,12:22 AM,82744.0,19111.0,True,Client Services
Steven,Male,9/7/1986,12:32 AM,43252.0,18892.0,False,Client Services
Nicole,Female,4/26/2009,12:40 AM,66047.0,18674.0,True,Marketing
Ann,Female,7/16/2001,9:27 AM,118431.0,12772.0,True,Finance
Henry,Male,5/12/1986,2:04 AM,59943.0,1432.0,False,Finance
,Male,6/17/2009,1:00 PM,136681.0,3655.0,,Business Development
,Female,12/18/1994,8:42 PM,138807.0,1.4,,Human Resources
Barbara,Female,11/26/2002,5:32 AM,82884.0,6837.0,True,Business Development
Judy,Female,4/5/2011,1:44 AM,48668.0,11716.0,True,Product
Lawrence,Male,7/23/2011,3:41 AM,122971.0,14618.0,False,Product
Joseph,Male,10/10/2010,11:12 PM,107050.0,12737.0,False,Business Development
Carlos,Male,1/25/1981,10:00 AM,138598.0,14737.0,False,Sales
Russell,No Gender,5/9/2009,11:59 AM,149456.0,3533.0,False,Marketing
Jane,Female,7/10/1999,7:02 PM,128540.0,15941.0,False,Legal
Martin,Male,2/25/2016,6:29 PM,61117.0,2844.0,False,Client Services
Steven,Male,5/30/1980,8:25 PM,100949.0,13813.0,True,Human Resources
Judy,No Gender,7/15/2011,3:38 PM,46829.0,5.19,True,Finance
James,Male,2/16/2008,2:49 AM,69111.0,14625.0,True,Business Development
Gloria,Female,8/19/2004,10:31 AM,46602.0,1027.0,True,Business Development
Ernest,Male,6/30/2001,1:46 PM,61181.0,16559.0,False,Business Development
Martha,Female,7/17/1997,11:11 PM,94963.0,19626.0,True,Business Development
Janet,No Gender,1/25/1986,5:48 AM,85789.0,9712.0,False,Legal
Louis,No Gender,2/5/1983,6:39 PM,145274.0,16379.0,False,Product
Tina,Female,8/6/1999,3:18 AM,102841.0,3369.0,False,Client Services
Henry,Male,2/23/2007,3:24 AM,49665.0,18338.0,False,Business Development
Antonio,Male,6/6/1999,10:54 PM,41928.0,5478.0,True,
Lisa,Female,4/11/2007,1:04 AM,128042.0,2.03,True,Legal
Denise,Female,2/19/1984,6:22 AM,86150.0,3997.0,False,Client Services
Stephen,Male,10/21/1984,6:26 AM,121816.0,10615.0,True,Distribution
Benjamin,Male,4/12/1988,11:32 PM,123409.0,7783.0,False,Product
Carl,No Gender,8/18/2007,8:01 AM,98295.0,7617.0,True,Legal
Ruth,Female,9/2/1980,6:52 AM,59678.0,10895.0,False,Distribution
Shawn,Male,12/29/2006,3:05 AM,57871.0,4.02,True,Human Resources
Jennifer,Female,3/31/2015,7:43 PM,132084.0,10006.0,True,Engineering
Terry,Male,11/10/2004,4:33 AM,35633.0,3947.0,True,Distribution
Jacqueline,Female,7/27/2008,12:08 PM,125298.0,3019.0,True,Legal
Roger,Male,5/2/1988,10:04 PM,115582.0,15343.0,True,Sales
Alice,No Gender,4/23/1995,6:35 AM,148339.0,11479.0,True,Finance
Justin,Male,7/25/1991,12:45 AM,112975.0,9699.0,False,Human Resources
Janet,Female,7/12/2008,12:10 PM,36927.0,18769.0,False,Client Services
Robin,Female,3/26/2004,5:41 PM,70248.0,9.66,True,Sales
Samuel,No Gender,10/7/2002,3:08 AM,141305.0,9849.0,True,Marketing
Katherine,Female,9/22/2006,8:08 PM,72002.0,13178.0,True,Product
Peter,Male,5/22/1991,1:39 AM,102577.0,12026.0,True,Product
Lillian,Female,8/14/2009,5:41 AM,113554.0,18018.0,True,Business Development
,Male,10/24/1986,9:23 AM,47176.0,10736.0,,Finance
Rose,Female,11/3/1999,9:06 AM,75181.0,6.06,True,Finance
Bobby,Male,9/30/2004,10:52 PM,79047.0,18784.0,False,Human Resources
Kimberly,Female,4/20/1986,3:55 PM,52970.0,4513.0,False,Sales
Antonio,Male,12/28/2003,4:17 AM,137979.0,5266.0,False,Distribution
Doris,Female,9/8/1984,7:03 PM,114360.0,17799.0,True,Business Development
Steven,Male,7/5/2009,4:55 AM,110306.0,16843.0,True,Human Resources
Lawrence,Male,7/3/1995,10:55 PM,46378.0,9127.0,False,
,Male,5/6/1986,4:41 PM,74104.0,17.68,,Client Services
,No Gender,4/15/1991,3:39 AM,132505.0,13592.0,,Product
Stephanie,Female,9/14/1982,8:14 AM,96649.0,3453.0,False,Sales
,Female,7/24/1982,12:00 AM,57811.0,8941.0,,Marketing
Sandra,Female,9/7/1989,4:17 PM,111468.0,2.58,True,Product
Kevin,Male,7/1/2005,3:22 PM,141498.0,4135.0,True,Sales
Michelle,No Gender,3/31/2012,6:28 AM,124441.0,16353.0,False,Business Development
Lisa,Female,7/8/2000,9:19 PM,40121.0,6293.0,False,Product
Fred,Male,3/3/1989,2:27 AM,129712.0,11058.0,False,Finance
Joseph,Male,11/4/1982,9:46 PM,126010.0,19601.0,False,Legal
Anne,No Gender,4/18/1996,11:57 PM,122762.0,9564.0,False,Distribution
Andrea,Female,7/22/1999,9:25 AM,149105.0,13707.0,True,Distribution
Nicole,Female,3/1/2004,5:17 PM,44021.0,10286.0,False,
Theresa,No Gender,10/7/1995,10:16 AM,42025.0,3319.0,True,Human Resources
Catherine,Female,8/31/1986,6:20 PM,59970.0,12801.0,False,Client Services
Rose,Female,12/31/1982,6:50 PM,145001.0,19.85,False,Engineering
Lawrence,Male,10/1/1984,2:06 PM,102589.0,17952.0,True,Marketing
Raymond,Male,12/12/1986,12:18 PM,47529.0,2712.0,True,Product
Clarence,Male,8/5/1989,6:11 PM,148941.0,11517.0,False,Product
Ryan,Male,4/15/1988,5:18 AM,91109.0,17499.0,True,Human Resources
Jane,Female,1/12/1992,1:23 PM,51923.0,13623.0,False,Business Development
Lois,Female,7/28/2012,11:39 AM,53954.0,19075.0,False,Product
Shawn,Male,3/17/2008,2:12 PM,39335.0,10664.0,False,Distribution
Thomas,Male,5/3/1990,9:29 AM,111371.0,15081.0,True,Engineering
Kathryn,Female,1/29/2008,12:29 AM,86676.0,6081.0,False,Sales
Mary,Female,11/6/2011,8:32 AM,115057.0,2089.0,False,Finance
Julie,Female,3/8/1980,5:13 AM,145357.0,3459.0,False,Engineering
George,Male,9/27/1995,5:04 PM,36749.0,19754.0,False,Finance
Ralph,Male,2/10/2000,4:48 PM,89854.0,7227.0,False,Business Development
Judith,Female,9/3/1989,11:16 AM,134048.0,6818.0,True,Marketing
,Male,12/13/1994,10:34 AM,141311.0,5478.0,,Product
Evelyn,Female,2/10/2002,4:44 AM,123621.0,19767.0,True,Marketing
Rachel,Female,6/23/2011,12:52 AM,54941.0,3221.0,True,Distribution
Maria,No Gender,1/18/1986,8:36 PM,106562.0,4.0,False,Human Resources
Kelly,Female,3/17/2007,6:20 PM,39371.0,4068.0,False,Engineering
Ruby,Female,5/31/2008,8:41 PM,83112.0,4083.0,False,Marketing
Ann,Female,10/3/1980,1:08 AM,96941.0,10048.0,True,Distribution
Kenneth,Male,12/14/1985,6:55 AM,47232.0,17862.0,True,Legal
William,Male,11/18/1993,12:27 PM,54058.0,5182.0,True,Human Resources
,Female,12/27/1980,2:27 AM,80399.0,12254.0,,Distribution
Deborah,Female,2/26/2009,10:17 AM,118043.0,7266.0,True,Business Development
,Male,11/12/2009,2:30 PM,109411.0,9494.0,,Engineering
Julia,Female,8/18/2014,3:12 AM,97566.0,2147.0,False,Marketing
Robert,No Gender,12/4/2000,1:20 AM,69267.0,5.89,True,Sales
,No Gender,8/1/1988,1:35 AM,87103.0,5665.0,,
Jesse,No Gender,7/16/2014,2:24 AM,98811.0,7487.0,False,Legal
Cynthia,Female,7/12/2006,8:55 AM,149684.0,7864.0,False,Product
Johnny,Male,1/14/2007,2:54 PM,71383.0,2097.0,True,Human Resources
Michael,Male,8/31/2002,1:20 AM,81206.0,19908.0,True,Distribution
Kenneth,Male,1/15/2015,2:41 PM,69112.0,7588.0,True,Finance
Keith,Male,2/12/2003,3:02 PM,120672.0,19467.0,False,Legal
Gerald,Male,5/28/2010,12:26 PM,96511.0,9331.0,False,Human Resources
Carl,No Gender,2/11/1982,7:54 AM,49325.0,2071.0,True,Business Development
Douglas,Male,8/4/2007,5:23 AM,132175.0,2.28,False,Engineering
Carolyn,Female,3/17/2004,6:38 AM,118037.0,13492.0,False,Finance
Joseph,Male,5/23/1985,10:16 PM,139570.0,15804.0,True,Finance
Billy,Male,4/6/2000,3:14 PM,115280.0,9153.0,False,Distribution
Joyce,Female,7/25/2001,6:04 AM,51065.0,16807.0,False,Human Resources
Lillian,Female,8/26/2002,8:53 AM,103854.0,4924.0,True,Distribution
Ruby,Female,8/13/2006,6:27 PM,48354.0,19501.0,False,Business Development
Sandra,Female,2/7/1998,12:39 PM,132327.0,19264.0,False,Product
Louise,Female,2/26/1982,1:03 AM,106362.0,8965.0,False,Sales
Maria,No Gender,6/19/1985,1:48 AM,148857.0,8738.0,False,Legal
Brenda,Female,1/3/1981,6:01 PM,131131.0,11682.0,False,Client Services
Stephen,Male,9/10/1990,10:42 PM,129663.0,15574.0,False,Human Resources
Nicole,No Gender,5/2/1981,12:03 PM,41449.0,4707.0,False,Finance
Bobby,Male,6/5/1984,7:40 AM,93368.0,2.88,True,Product
Ernest,Male,9/6/1997,2:02 PM,53335.0,9192.0,False,Product
Charles,Male,9/3/1997,10:04 AM,148291.0,6002.0,False,
Bobby,Male,8/19/1996,1:16 AM,147842.0,16158.0,True,
Diana,Female,11/19/2004,8:47 AM,105066.0,17343.0,True,Business Development
Mildred,Female,4/6/2007,10:06 PM,139284.0,11.39,True,
Harry,Male,2/10/1985,7:46 PM,63046.0,10411.0,False,Finance
Phillip,No Gender,10/20/2003,11:09 AM,89700.0,2277.0,True,
Bonnie,No Gender,1/18/2006,6:52 PM,108946.0,12211.0,False,Finance
Marie,Female,12/8/1993,6:28 PM,98406.0,7943.0,True,Product
Sean,Male,4/25/2006,4:51 PM,108581.0,9634.0,False,Human Resources
Robin,Female,10/1/2012,2:44 AM,41808.0,19239.0,False,Business Development
Phillip,Male,10/7/1984,11:05 AM,36837.0,14.66,False,Marketing
Jerry,Male,3/26/1989,4:15 AM,140850.0,18855.0,False,Finance
Ronald,Male,5/25/1983,10:05 AM,50426.0,18536.0,True,Sales
Phillip,Male,5/15/1984,6:15 AM,134120.0,6842.0,False,Human Resources
Ryan,Male,11/16/2012,1:47 PM,57292.0,6.01,False,
Karen,Female,8/29/1997,4:56 PM,80633.0,16306.0,False,Legal
Bonnie,Female,8/25/2004,2:17 AM,131943.0,14249.0,False,Client Services
Earl,Male,6/15/2013,3:00 AM,48046.0,7737.0,False,Marketing
Katherine,Female,8/18/2013,3:58 PM,97443.0,13657.0,False,Product
Matthew,Male,8/3/1995,5:39 AM,135352.0,7986.0,True,Business Development
Cynthia,No Gender,11/19/1996,10:40 PM,107816.0,18751.0,False,Marketing
Gerald,Male,3/29/2003,10:37 AM,96329.0,2469.0,True,Engineering
Brenda,Female,1/18/2015,4:39 PM,73749.0,19332.0,False,Business Development
Jason,Male,5/1/1998,6:05 PM,75607.0,4299.0,True,Sales
Melissa,Female,9/8/1994,4:11 AM,98858.0,3525.0,True,Human Resources
Beverly,Female,4/11/1998,2:27 PM,76485.0,9212.0,True,Engineering
Terry,No Gender,9/11/1992,4:41 PM,41238.0,8219.0,False,Marketing
,Male,9/5/1980,7:36 AM,114896.0,13823.0,,Client Services
Jacqueline,Female,5/25/2003,7:13 PM,125418.0,8064.0,False,Distribution
Amy,Female,5/20/2009,6:26 AM,75415.0,19132.0,False,Client Services
Robert,No Gender,5/25/2007,3:17 AM,90998.0,8382.0,False,Finance
Ruby,Female,1/28/1980,11:08 PM,142868.0,6318.0,False,Marketing
Sara,No Gender,11/18/2014,2:47 PM,135990.0,14344.0,True,Distribution
Kathryn,Female,10/27/1995,3:39 PM,57300.0,18015.0,False,Marketing
Lisa,Female,10/17/2003,1:42 PM,73706.0,18.53,False,Finance
Juan,Male,10/6/1993,8:52 AM,85871.0,9.16,False,Product
Anthony,Male,1/30/2014,9:04 PM,96795.0,14837.0,False,Sales
David,Male,12/5/2009,8:48 AM,92242.0,15407.0,False,Legal
Marilyn,Female,10/8/2007,12:32 AM,115149.0,11934.0,True,Legal
Margaret,Female,1/4/2001,3:07 AM,126924.0,1552.0,True,Finance
,Male,11/24/2015,3:11 AM,145329.0,7.1,,Finance
Timothy,Male,8/25/1991,10:37 AM,92587.0,8475.0,False,Finance
Brandon,Male,10/23/1995,12:04 PM,60263.0,2709.0,False,Sales
Frank,Male,7/27/2013,4:32 PM,91406.0,5681.0,True,Business Development
Betty,Female,11/19/2002,10:40 AM,37005.0,7645.0,True,Marketing
Janice,No Gender,11/19/1991,6:02 PM,139791.0,16968.0,False,Business Development
Victor,Male,3/10/2010,5:01 PM,45267.0,3942.0,True,Sales
Kenneth,No Gender,2/28/1994,10:10 AM,95296.0,10146.0,False,Finance
Jane,Female,4/27/2012,2:12 PM,59680.0,15211.0,True,Business Development
Walter,Male,5/21/1992,12:39 AM,144701.0,16323.0,True,Marketing
Christina,Female,6/23/2002,3:18 PM,35477.0,18178.0,False,Human Resources
Patricia,Female,10/10/1995,4:52 PM,119266.0,6911.0,False,Distribution
,Male,5/23/2001,7:52 PM,103877.0,6322.0,,Distribution
Heather,Female,7/29/1983,10:48 AM,47605.0,14955.0,True,Human Resources
Stephanie,Female,6/26/1988,5:48 AM,136604.0,6.16,True,Human Resources
Alice,Female,2/9/2013,12:49 AM,121250.0,4363.0,True,Finance
Frances,Female,5/16/2014,8:31 AM,35884.0,17667.0,False,Sales
Elizabeth,Female,7/27/1998,11:12 AM,137144.0,10081.0,False,Finance
Janice,Female,12/17/2009,6:42 AM,102697.0,3283.0,False,Engineering
Donald,Male,8/1/1991,2:25 AM,61999.0,6466.0,False,Product
Melissa,Female,10/22/2002,1:20 AM,45223.0,8879.0,True,Legal
Carl,Male,7/7/2010,1:33 PM,54033.0,15528.0,True,Business Development
Joe,Male,12/8/1998,10:28 AM,126120.0,1.02,False,
Lois,Female,12/11/2015,4:10 PM,99747.0,6168.0,False,Marketing
Ann,Female,9/28/2001,6:37 AM,71958.0,5272.0,True,Distribution
Todd,Male,1/4/1983,12:34 PM,115566.0,6716.0,True,Client Services
Marilyn,Female,1/16/1996,7:18 AM,118369.0,7696.0,True,Business Development
Shawn,Male,3/13/2008,5:36 PM,51667.0,6339.0,False,Product
Ryan,Male,4/27/1999,3:41 AM,85858.0,19475.0,False,Client Services
Sean,Male,3/21/2009,11:38 AM,131423.0,8957.0,False,Distribution
Rose,Female,1/2/2002,9:14 PM,49538.0,9828.0,False,Client Services
George,Male,6/5/2015,5:40 AM,50369.0,18.9,True,Sales
Arthur,Male,12/5/2013,8:44 AM,86615.0,3412.0,True,Business Development
Irene,No Gender,2/28/1991,10:23 PM,135369.0,4.38,False,Business Development
Deborah,Female,11/11/2003,4:53 PM,60003.0,9624.0,False,Client Services
,Female,8/23/2000,4:19 PM,95866.0,19388.0,,Sales
Judith,Female,3/1/2004,7:32 AM,109324.0,19488.0,False,Distribution
Philip,Male,3/11/2005,10:56 AM,103557.0,16014.0,True,Business Development
Jeffrey,Male,9/20/1986,6:06 AM,111376.0,2673.0,True,Business Development
Theresa,Female,4/27/2001,9:17 PM,75661.0,1079.0,True,Legal
Nancy,Female,9/10/2001,11:57 PM,85213.0,2386.0,True,Marketing
Harold,Male,6/23/2012,12:40 PM,140444.0,3771.0,False,Distribution
Bonnie,Female,12/23/2008,9:26 AM,90427.0,2.01,True,Client Services
Doris,Female,7/5/1993,5:54 PM,141439.0,3799.0,False,Business Development
Samuel,Male,8/7/1997,12:40 PM,43694.0,3787.0,True,Engineering
Alice,Female,3/23/1996,3:09 AM,131952.0,12.09,False,Engineering
Maria,Female,3/14/2003,5:23 PM,96250.0,10056.0,False,Business Development
Aaron,No Gender,1/22/1986,7:39 PM,63126.0,18424.0,False,Client Services
Mark,No Gender,9/9/2006,12:27 PM,44836.0,2657.0,False,Client Services
Ralph,No Gender,7/28/1995,6:53 PM,70635.0,2147.0,False,Client Services
Andrew,Male,9/28/1990,9:38 AM,137386.0,8611.0,True,Distribution
William,Male,6/26/1997,8:33 AM,104840.0,15653.0,True,Engineering
Lori,Female,11/20/2015,1:15 PM,75498.0,6537.0,True,Marketing
Wayne,Male,9/8/2006,11:09 AM,67471.0,2728.0,False,Engineering
Kenneth,Male,5/10/2006,8:24 AM,101914.0,1905.0,True,Distribution
Gerald,No Gender,4/15/1989,12:44 PM,93712.0,17426.0,True,Distribution
,Female,9/15/1985,1:50 AM,133472.0,16941.0,,Distribution
,Male,7/30/2012,3:07 PM,107351.0,5329.0,,Marketing
Ashley,Female,3/31/2006,1:24 PM,142410.0,11048.0,True,Engineering
Scott,Male,8/20/2011,8:08 AM,37385.0,8226.0,True,Business Development
Paula,Female,5/21/1983,11:42 AM,58423.0,10833.0,False,Business Development
,Female,9/14/2010,5:19 AM,143638.0,9662.0,,
Teresa,Female,1/22/2013,3:17 PM,113425.0,11907.0,True,Human Resources
Randy,Male,2/25/2012,5:33 AM,57266.0,14077.0,False,Product
Joe,Male,1/19/1980,4:06 PM,119667.0,1148.0,True,Finance
Sarah,Female,8/17/2014,11:08 PM,127118.0,11176.0,False,Legal
Beverly,Female,10/17/1986,12:51 AM,80838.0,8115.0,False,Engineering
Jeffrey,Male,2/3/1984,1:26 PM,70990.0,15901.0,True,Sales
Gloria,Female,10/24/1987,4:43 AM,39833.0,9631.0,False,Engineering
Albert,Male,9/19/1992,2:35 AM,45094.0,5.85,True,Business Development
Stephen,Male,10/29/1989,11:34 PM,93997.0,18093.0,True,Business Development
Antonio,No Gender,6/18/1989,9:37 PM,103050.0,3.05,False,Legal
Jonathan,Male,8/21/2013,12:45 AM,121797.0,16923.0,False,Product
Ann,Female,9/23/1994,11:15 AM,89443.0,17.94,True,Sales
Bruce,Male,5/7/1980,8:00 PM,35802.0,12391.0,True,Sales
Catherine,Female,9/25/1989,1:31 AM,68164.0,18393.0,False,Client Services
Louis,Male,8/16/2011,5:19 PM,93022.0,9146.0,True,Human Resources
Thomas,Male,3/12/2016,3:10 PM,105681.0,19572.0,False,Engineering
Louise,Female,3/27/1995,10:27 PM,43050.0,11671.0,False,Distribution
Linda,Female,2/4/2010,8:49 PM,44486.0,17308.0,True,Engineering
Alice,Female,9/3/1988,8:54 PM,63571.0,15397.0,True,Product
Patrick,Male,12/30/2002,2:01 AM,75423.0,5368.0,True,Business Development
Victor,No Gender,7/28/2006,2:49 PM,76381.0,11159.0,True,Sales
Russell,Male,5/10/2013,11:08 PM,137359.0,11105.0,False,Business Development
Harry,Male,8/30/2011,6:31 PM,67656.0,16455.0,True,Client Services
Susan,Female,4/7/1995,10:05 PM,92436.0,12467.0,False,Sales
Denise,Female,10/19/1992,5:42 AM,137954.0,4195.0,True,Legal
Sarah,Female,12/4/1995,9:16 AM,124566.0,5949.0,False,Product
Sean,Male,1/17/1983,2:23 PM,66146.0,11178.0,False,Human Resources
Ernest,Male,7/20/2013,6:41 AM,142935.0,13198.0,True,Product
Kimberly,Female,1/26/2013,12:57 AM,46233.0,8862.0,True,Engineering
James,Male,1/15/1993,5:19 PM,148985.0,19.28,False,Legal
Rose,Female,4/6/1982,10:43 AM,91411.0,8639.0,True,Human Resources
John,Male,12/23/1982,10:35 PM,146907.0,11738.0,False,Engineering
Maria,Female,10/15/2011,4:53 PM,43455.0,13.04,False,Engineering
Stephen,No Gender,7/10/1983,8:10 PM,85668.0,1909.0,False,Legal
Donna,Female,11/26/1982,7:04 AM,82871.0,17999.0,False,Marketing
Gloria,Female,12/8/2014,5:08 AM,136709.0,10331.0,True,Finance
Alice,Female,10/5/2004,9:34 AM,47638.0,11209.0,False,Human Resources
Justin,No Gender,2/10/1991,4:58 PM,38344.0,3794.0,False,Legal
Robin,Female,7/24/1987,1:35 PM,100765.0,10982.0,True,Client Services
Rose,Female,8/25/2002,5:12 AM,134505.0,11051.0,True,Marketing
Anthony,Male,10/16/2011,8:35 AM,112769.0,11625.0,True,Finance
Tina,Female,5/15/1997,3:53 PM,56450.0,19.04,True,Engineering
George,Male,6/21/2013,5:47 PM,98874.0,4479.0,True,Marketing
Henry,No Gender,11/23/2014,6:09 AM,132483.0,16655.0,False,Distribution
Phillip,Male,1/31/1984,6:30 AM,42392.0,19675.0,False,Finance
Russell,Male,5/20/2013,12:39 PM,96914.0,1421.0,False,Product
Larry,Male,4/20/2013,4:45 PM,60500.0,11985.0,False,Business Development
Albert,Male,5/15/2012,6:24 PM,129949.0,10169.0,True,Sales
